Number,Experiment,Date,Day,Hour,Transfer,Strain,Media,Temperature,Treatment,Replicate,RF,Rfctrl
1,salinity,2015-01-21,0,0,A,331A,ASW,15,0,1,27912.59,14.73
2,salinity,2015-01-21,0,0,A,332B,ASW,15,0,1,21419.31,14.73
3,salinity,2015-01-21,0,0,A,333C,ASW,15,0,1,22305.42,14.73
4,salinity,2015-01-21,0,0,A,1263D,ASW,15,0,1,15630.75,14.73
5,salinity,2015-01-21,0,0,A,331A,ASW,15,2,1,25105.74,16.32
6,salinity,2015-01-21,0,0,A,332B,ASW,15,2,1,17633.74,16.32
7,salinity,2015-01-21,0,0,A,333C,ASW,15,2,1,19689.46,16.32
8,salinity,2015-01-21,0,0,A,1263D,ASW,15,2,1,10861.83,16.32
9,salinity,2015-01-21,0,0,A,331A,ASW,15,12,1,30337.85,15.25
10,salinity,2015-01-21,0,0,A,332B,ASW,15,12,1,14789.01,15.25
11,salinity,2015-01-21,0,0,A,333C,ASW,15,12,1,20117.36,15.25
12,salinity,2015-01-21,0,0,A,1263D,ASW,15,12,1,23169.66,15.25
13,salinity,2015-01-21,0,0,A,331A,ASW,15,24,1,26320.04,18.86
14,salinity,2015-01-21,0,0,A,332B,ASW,15,24,1,11770.5,18.86
15,salinity,2015-01-21,0,0,A,333C,ASW,15,24,1,18480.36,18.86
16,salinity,2015-01-21,0,0,A,1263D,ASW,15,24,1,18755.19,18.86
17,salinity,2015-01-21,0,0,A,331A,ASW,15,36,1,34146.46,18.82
18,salinity,2015-01-21,0,0,A,332B,ASW,15,36,1,20556.87,18.82
19,salinity,2015-01-21,0,0,A,333C,ASW,15,36,1,24519.88,18.82
20,salinity,2015-01-21,0,0,A,1263D,ASW,15,36,1,12132.29,18.82
1,salinity,2015-01-22,1,24,A,331A,ASW,15,0,1,20492.58,14.84
2,salinity,2015-01-22,1,24,A,332B,ASW,15,0,1,9732.96,14.84
3,salinity,2015-01-22,1,24,A,333C,ASW,15,0,1,19824.39,14.84
4,salinity,2015-01-22,1,24,A,1263D,ASW,15,0,1,23696.5,14.84
5,salinity,2015-01-22,1,24,A,331A,ASW,15,2,1,19631.04,16.12
6,salinity,2015-01-22,1,24,A,332B,ASW,15,2,1,10532.37,16.12
7,salinity,2015-01-22,1,24,A,333C,ASW,15,2,1,21983.71,16.12
8,salinity,2015-01-22,1,24,A,1263D,ASW,15,2,1,20483.73,16.12
9,salinity,2015-01-22,1,24,A,331A,ASW,15,12,1,28450.56,16.49
10,salinity,2015-01-22,1,24,A,332B,ASW,15,12,1,21551.33,16.49
11,salinity,2015-01-22,1,24,A,333C,ASW,15,12,1,31680.77,16.49
12,salinity,2015-01-22,1,24,A,1263D,ASW,15,12,1,38750.57,16.49
13,salinity,2015-01-22,1,24,A,331A,ASW,15,24,1,25922.56,18.7
14,salinity,2015-01-22,1,24,A,332B,ASW,15,24,1,22144.44,18.7
15,salinity,2015-01-22,1,24,A,333C,ASW,15,24,1,34051.36,18.7
16,salinity,2015-01-22,1,24,A,1263D,ASW,15,24,1,27578.9,18.7
17,salinity,2015-01-22,1,24,A,331A,ASW,15,36,1,38914.85,19.45
18,salinity,2015-01-22,1,24,A,332B,ASW,15,36,1,33049.87,19.45
19,salinity,2015-01-22,1,24,A,333C,ASW,15,36,1,39561.71,19.45
20,salinity,2015-01-22,1,24,A,1263D,ASW,15,36,1,19722.67,19.45
1,salinity,2015-01-23,2,48,A,331A,ASW,15,0,1,24696.3,15.37
2,salinity,2015-01-23,2,48,A,332B,ASW,15,0,1,12454.17,15.37
3,salinity,2015-01-23,2,48,A,333C,ASW,15,0,1,28675.45,15.37
4,salinity,2015-01-23,2,48,A,1263D,ASW,15,0,1,33372.54,15.37
5,salinity,2015-01-23,2,48,A,331A,ASW,15,2,1,26270.92,15.95
6,salinity,2015-01-23,2,48,A,332B,ASW,15,2,1,16481.79,15.95
7,salinity,2015-01-23,2,48,A,333C,ASW,15,2,1,33868.5,15.95
8,salinity,2015-01-23,2,48,A,1263D,ASW,15,2,1,31882.98,15.95
9,salinity,2015-01-23,2,48,A,331A,ASW,15,12,1,41965.39,15.57
10,salinity,2015-01-23,2,48,A,332B,ASW,15,12,1,35967.45,15.57
11,salinity,2015-01-23,2,48,A,333C,ASW,15,12,1,53614.24,15.57
12,salinity,2015-01-23,2,48,A,1263D,ASW,15,12,1,52838.21,15.57
13,salinity,2015-01-23,2,48,A,331A,ASW,15,24,1,47470.15,19.02
14,salinity,2015-01-23,2,48,A,332B,ASW,15,24,1,43950.19,19.02
15,salinity,2015-01-23,2,48,A,333C,ASW,15,24,1,60342.68,19.02
16,salinity,2015-01-23,2,48,A,1263D,ASW,15,24,1,46758,19.02
17,salinity,2015-01-23,2,48,A,331A,ASW,15,36,1,50836.64,20.32
18,salinity,2015-01-23,2,48,A,332B,ASW,15,36,1,43563.8,20.32
19,salinity,2015-01-23,2,48,A,333C,ASW,15,36,1,39477.6,20.32
20,salinity,2015-01-23,2,48,A,1263D,ASW,15,36,1,34076.23,20.32
1,salinity,2015-01-24,3,72,A,331A,ASW,15,0,1,32676.07,16.46
2,salinity,2015-01-24,3,72,A,332B,ASW,15,0,1,15665.84,16.46
3,salinity,2015-01-24,3,72,A,333C,ASW,15,0,1,31832.28,16.46
4,salinity,2015-01-24,3,72,A,1263D,ASW,15,0,1,32890.78,16.46
5,salinity,2015-01-24,3,72,A,331A,ASW,15,2,1,30491.4,15.95
6,salinity,2015-01-24,3,72,A,332B,ASW,15,2,1,17663.37,15.95
7,salinity,2015-01-24,3,72,A,333C,ASW,15,2,1,39443.62,15.95
8,salinity,2015-01-24,3,72,A,1263D,ASW,15,2,1,34457.81,15.95
9,salinity,2015-01-24,3,72,A,331A,ASW,15,12,1,49764.04,16.67
10,salinity,2015-01-24,3,72,A,332B,ASW,15,12,1,36958.88,16.67
11,salinity,2015-01-24,3,72,A,333C,ASW,15,12,1,55549.93,16.67
12,salinity,2015-01-24,3,72,A,1263D,ASW,15,12,1,65186.22,16.67
13,salinity,2015-01-24,3,72,A,331A,ASW,15,24,1,51249.14,19.09
14,salinity,2015-01-24,3,72,A,332B,ASW,15,24,1,43970.53,19.09
15,salinity,2015-01-24,3,72,A,333C,ASW,15,24,1,64819.43,19.09
16,salinity,2015-01-24,3,72,A,1263D,ASW,15,24,1,60769.25,19.09
17,salinity,2015-01-24,3,72,A,331A,ASW,15,36,1,43555.25,19.96
18,salinity,2015-01-24,3,72,A,332B,ASW,15,36,1,40608.46,19.96
19,salinity,2015-01-24,3,72,A,333C,ASW,15,36,1,37730.05,19.96
20,salinity,2015-01-24,3,72,A,1263D,ASW,15,36,1,45710.38,19.96
1,salinity,2015-01-25,4,96,A,331A,ASW,15,0,1,42736.79,15.46
2,salinity,2015-01-25,4,96,A,332B,ASW,15,0,1,21510.42,15.46
3,salinity,2015-01-25,4,96,A,333C,ASW,15,0,1,39561.48,15.46
4,salinity,2015-01-25,4,96,A,1263D,ASW,15,0,1,46249.73,15.46
5,salinity,2015-01-25,4,96,A,331A,ASW,15,2,1,41035.54,16.62
6,salinity,2015-01-25,4,96,A,332B,ASW,15,2,1,32392.61,16.62
7,salinity,2015-01-25,4,96,A,333C,ASW,15,2,1,59574.77,16.62
8,salinity,2015-01-25,4,96,A,1263D,ASW,15,2,1,50745.73,16.62
9,salinity,2015-01-25,4,96,A,331A,ASW,15,12,1,73247.95,16.02
10,salinity,2015-01-25,4,96,A,332B,ASW,15,12,1,58382.87,16.02
11,salinity,2015-01-25,4,96,A,333C,ASW,15,12,1,79378.55,16.02
12,salinity,2015-01-25,4,96,A,1263D,ASW,15,12,1,89362.42,16.02
13,salinity,2015-01-25,4,96,A,331A,ASW,15,24,1,70753.63,15.65
14,salinity,2015-01-25,4,96,A,332B,ASW,15,24,1,65823.75,15.65
15,salinity,2015-01-25,4,96,A,333C,ASW,15,24,1,86551.62,15.65
16,salinity,2015-01-25,4,96,A,1263D,ASW,15,24,1,90830.08,15.65
17,salinity,2015-01-25,4,96,A,331A,ASW,15,36,1,57746.46,20.54
18,salinity,2015-01-25,4,96,A,332B,ASW,15,36,1,59967.45,20.54
19,salinity,2015-01-25,4,96,A,333C,ASW,15,36,1,33486.75,20.54
20,salinity,2015-01-25,4,96,A,1263D,ASW,15,36,1,68676.55,20.54
1,salinity,2015-01-25,4,0,B,331A,ASW,15,0,1,5372.43,15.22
2,salinity,2015-01-25,4,0,B,332B,ASW,15,0,1,4681.85,15.22
3,salinity,2015-01-25,4,0,B,333C,ASW,15,0,1,3835.05,15.22
4,salinity,2015-01-25,4,0,B,1263D,ASW,15,0,1,8152.32,15.22
5,salinity,2015-01-25,4,0,B,331A,ASW,15,2,1,4225.83,16.35
6,salinity,2015-01-25,4,0,B,332B,ASW,15,2,1,5303.64,16.35
7,salinity,2015-01-25,4,0,B,333C,ASW,15,2,1,7074.46,16.35
8,salinity,2015-01-25,4,0,B,1263D,ASW,15,2,1,7496.72,16.35
9,salinity,2015-01-25,4,0,B,331A,ASW,15,12,1,9133.57,15.25
10,salinity,2015-01-25,4,0,B,332B,ASW,15,12,1,8138.67,15.25
11,salinity,2015-01-25,4,0,B,333C,ASW,15,12,1,10996.5,15.25
12,salinity,2015-01-25,4,0,B,1263D,ASW,15,12,1,10488.84,15.25
13,salinity,2015-01-25,4,0,B,331A,ASW,15,24,1,10694.68,15.67
14,salinity,2015-01-25,4,0,B,332B,ASW,15,24,1,8791.41,15.67
15,salinity,2015-01-25,4,0,B,333C,ASW,15,24,1,11057.48,15.67
16,salinity,2015-01-25,4,0,B,1263D,ASW,15,24,1,7941.96,15.67
17,salinity,2015-01-25,4,0,B,331A,ASW,15,36,1,11010.41,18.72
18,salinity,2015-01-25,4,0,B,332B,ASW,15,36,1,7748.05,18.72
19,salinity,2015-01-25,4,0,B,333C,ASW,15,36,1,5330.25,18.72
20,salinity,2015-01-25,4,0,B,1263D,ASW,15,36,1,6538.98,18.72
1,salinity,2015-01-26,5,24,B,331A,ASW,15,0,1,7093.08,15.41
2,salinity,2015-01-26,5,24,B,332B,ASW,15,0,1,4314.01,15.41
3,salinity,2015-01-26,5,24,B,333C,ASW,15,0,1,6319.4,15.41
4,salinity,2015-01-26,5,24,B,1263D,ASW,15,0,1,6793.52,15.41
5,salinity,2015-01-26,5,24,B,331A,ASW,15,2,1,6916.7,16.44
6,salinity,2015-01-26,5,24,B,332B,ASW,15,2,1,5586.94,16.44
7,salinity,2015-01-26,5,24,B,333C,ASW,15,2,1,10072.95,16.44
8,salinity,2015-01-26,5,24,B,1263D,ASW,15,2,1,9314.11,16.44
9,salinity,2015-01-26,5,24,B,331A,ASW,15,12,1,12138.85,16.45
10,salinity,2015-01-26,5,24,B,332B,ASW,15,12,1,12405.16,16.45
11,salinity,2015-01-26,5,24,B,333C,ASW,15,12,1,12489.52,16.45
12,salinity,2015-01-26,5,24,B,1263D,ASW,15,12,1,14487.9,16.45
13,salinity,2015-01-26,5,24,B,331A,ASW,15,24,1,11585.52,16.44
14,salinity,2015-01-26,5,24,B,332B,ASW,15,24,1,11869.67,16.44
15,salinity,2015-01-26,5,24,B,333C,ASW,15,24,1,13593.05,16.44
16,salinity,2015-01-26,5,24,B,1263D,ASW,15,24,1,12903.5,16.44
17,salinity,2015-01-26,5,24,B,331A,ASW,15,36,1,10520.64,20.13
18,salinity,2015-01-26,5,24,B,332B,ASW,15,36,1,12027.17,20.13
19,salinity,2015-01-26,5,24,B,333C,ASW,15,36,1,6990.18,20.13
20,salinity,2015-01-26,5,24,B,1263D,ASW,15,36,1,9265.85,20.13
1,salinity,2015-01-27,6,48,B,331A,ASW,15,0,1,10076.01,15.52
2,salinity,2015-01-27,6,48,B,332B,ASW,15,0,1,6811.38,15.52
3,salinity,2015-01-27,6,48,B,333C,ASW,15,0,1,10018.48,15.52
4,salinity,2015-01-27,6,48,B,1263D,ASW,15,0,1,12375.8,15.52
5,salinity,2015-01-27,6,48,B,331A,ASW,15,2,1,10467.47,16.54
6,salinity,2015-01-27,6,48,B,332B,ASW,15,2,1,6661.63,16.54
7,salinity,2015-01-27,6,48,B,333C,ASW,15,2,1,16255.4,16.54
8,salinity,2015-01-27,6,48,B,1263D,ASW,15,2,1,13578.41,16.54
9,salinity,2015-01-27,6,48,B,331A,ASW,15,12,1,19710.57,17.03
10,salinity,2015-01-27,6,48,B,332B,ASW,15,12,1,18270.83,17.03
11,salinity,2015-01-27,6,48,B,333C,ASW,15,12,1,20600.4,17.03
12,salinity,2015-01-27,6,48,B,1263D,ASW,15,12,1,18786.88,17.03
13,salinity,2015-01-27,6,48,B,331A,ASW,15,24,1,17736.85,17.04
14,salinity,2015-01-27,6,48,B,332B,ASW,15,24,1,12772.91,17.04
15,salinity,2015-01-27,6,48,B,333C,ASW,15,24,1,24387.96,17.04
16,salinity,2015-01-27,6,48,B,1263D,ASW,15,24,1,18199.86,17.04
17,salinity,2015-01-27,6,48,B,331A,ASW,15,36,1,13088.93,19.19
18,salinity,2015-01-27,6,48,B,332B,ASW,15,36,1,12254.23,19.19
19,salinity,2015-01-27,6,48,B,333C,ASW,15,36,1,9277.72,19.19
20,salinity,2015-01-27,6,48,B,1263D,ASW,15,36,1,11476.66,19.19
1,salinity,2015-01-28,7,72,B,331A,ASW,15,0,1,22373.06,15.51
2,salinity,2015-01-28,7,72,B,332B,ASW,15,0,1,13186.08,15.51
3,salinity,2015-01-28,7,72,B,333C,ASW,15,0,1,20252.91,15.51
4,salinity,2015-01-28,7,72,B,1263D,ASW,15,0,1,19914.34,15.51
5,salinity,2015-01-28,7,72,B,331A,ASW,15,2,1,18049.03,16.43
6,salinity,2015-01-28,7,72,B,332B,ASW,15,2,1,10947.36,16.43
7,salinity,2015-01-28,7,72,B,333C,ASW,15,2,1,23665.41,16.43
8,salinity,2015-01-28,7,72,B,1263D,ASW,15,2,1,21529.62,16.43
9,salinity,2015-01-28,7,72,B,331A,ASW,15,12,1,29482.65,15.83
10,salinity,2015-01-28,7,72,B,332B,ASW,15,12,1,28522.25,15.83
11,salinity,2015-01-28,7,72,B,333C,ASW,15,12,1,35055.62,15.83
12,salinity,2015-01-28,7,72,B,1263D,ASW,15,12,1,25378.26,15.83
13,salinity,2015-01-28,7,72,B,331A,ASW,15,24,1,23344.29,19.03
14,salinity,2015-01-28,7,72,B,332B,ASW,15,24,1,20337.13,19.03
15,salinity,2015-01-28,7,72,B,333C,ASW,15,24,1,38760.2,19.03
16,salinity,2015-01-28,7,72,B,1263D,ASW,15,24,1,27118.17,19.03
17,salinity,2015-01-28,7,72,B,331A,ASW,15,36,1,16280.02,19.1
18,salinity,2015-01-28,7,72,B,332B,ASW,15,36,1,16725.26,19.1
19,salinity,2015-01-28,7,72,B,333C,ASW,15,36,1,15282.64,19.1
20,salinity,2015-01-28,7,72,B,1263D,ASW,15,36,1,16180.49,19.1
1,salinity,2015-01-29,8,96,B,331A,ASW,15,0,1,24017.62,15.25
2,salinity,2015-01-29,8,96,B,332B,ASW,15,0,1,14239.07,15.25
3,salinity,2015-01-29,8,96,B,333C,ASW,15,0,1,24136.83,15.25
4,salinity,2015-01-29,8,96,B,1263D,ASW,15,0,1,17175.15,15.25
5,salinity,2015-01-29,8,96,B,331A,ASW,15,2,1,20480.56,15.65
6,salinity,2015-01-29,8,96,B,332B,ASW,15,2,1,9004.7,15.65
7,salinity,2015-01-29,8,96,B,333C,ASW,15,2,1,22738.12,15.65
8,salinity,2015-01-29,8,96,B,1263D,ASW,15,2,1,17800.18,15.65
9,salinity,2015-01-29,8,96,B,331A,ASW,15,12,1,32823.44,15.23
10,salinity,2015-01-29,8,96,B,332B,ASW,15,12,1,27048.22,15.23
11,salinity,2015-01-29,8,96,B,333C,ASW,15,12,1,37127.66,15.23
12,salinity,2015-01-29,8,96,B,1263D,ASW,15,12,1,27169.1,15.23
13,salinity,2015-01-29,8,96,B,331A,ASW,15,24,1,19045.43,18.77
14,salinity,2015-01-29,8,96,B,332B,ASW,15,24,1,19292.16,18.77
15,salinity,2015-01-29,8,96,B,333C,ASW,15,24,1,35012.34,18.77
16,salinity,2015-01-29,8,96,B,1263D,ASW,15,24,1,30102.49,18.77
17,salinity,2015-01-29,8,96,B,331A,ASW,15,36,1,13022.3,19.1
18,salinity,2015-01-29,8,96,B,332B,ASW,15,36,1,15868.02,19.1
19,salinity,2015-01-29,8,96,B,333C,ASW,15,36,1,13362.18,19.1
20,salinity,2015-01-29,8,96,B,1263D,ASW,15,36,1,17311.16,19.1
1,salinity,2015-01-30,9,120,B,331A,ASW,15,0,1,31133.88,15.46
2,salinity,2015-01-30,9,120,B,332B,ASW,15,0,1,17041.94,15.46
3,salinity,2015-01-30,9,120,B,333C,ASW,15,0,1,30212.15,15.46
4,salinity,2015-01-30,9,120,B,1263D,ASW,15,0,1,25926.18,15.46
5,salinity,2015-01-30,9,120,B,331A,ASW,15,2,1,27733.44,15.72
6,salinity,2015-01-30,9,120,B,332B,ASW,15,2,1,14169.16,15.72
7,salinity,2015-01-30,9,120,B,333C,ASW,15,2,1,31200.59,15.72
8,salinity,2015-01-30,9,120,B,1263D,ASW,15,2,1,26131.65,15.72
9,salinity,2015-01-30,9,120,B,331A,ASW,15,12,1,46461.09,15.64
10,salinity,2015-01-30,9,120,B,332B,ASW,15,12,1,41306.89,15.64
11,salinity,2015-01-30,9,120,B,333C,ASW,15,12,1,53721.7,15.64
12,salinity,2015-01-30,9,120,B,1263D,ASW,15,12,1,35117.54,15.64
13,salinity,2015-01-30,9,120,B,331A,ASW,15,24,1,21959.52,16.87
14,salinity,2015-01-30,9,120,B,332B,ASW,15,24,1,41094.84,16.87
15,salinity,2015-01-30,9,120,B,333C,ASW,15,24,1,47945.87,16.87
16,salinity,2015-01-30,9,120,B,1263D,ASW,15,24,1,43657.63,16.87
17,salinity,2015-01-30,9,120,B,331A,ASW,15,36,1,15158.07,18.97
18,salinity,2015-01-30,9,120,B,332B,ASW,15,36,1,21697.47,18.97
19,salinity,2015-01-30,9,120,B,333C,ASW,15,36,1,15518.19,18.97
20,salinity,2015-01-30,9,120,B,1263D,ASW,15,36,1,23327.02,18.97
1,salinity,2015-01-30,9,0,C,331A,ASW,15,0,1,3891.735,15.46
2,salinity,2015-01-30,9,0,C,332B,ASW,15,0,1,2130.2425,15.46
3,salinity,2015-01-30,9,0,C,333C,ASW,15,0,1,3776.51875,15.46
4,salinity,2015-01-30,9,0,C,1263D,ASW,15,0,1,3240.7725,15.46
5,salinity,2015-01-30,9,0,C,331A,ASW,15,2,1,3466.68,15.72
6,salinity,2015-01-30,9,0,C,332B,ASW,15,2,1,1771.145,15.72
7,salinity,2015-01-30,9,0,C,333C,ASW,15,2,1,3900.07375,15.72
8,salinity,2015-01-30,9,0,C,1263D,ASW,15,2,1,3266.45625,15.72
9,salinity,2015-01-30,9,0,C,331A,ASW,15,12,1,5807.63625,15.64
10,salinity,2015-01-30,9,0,C,332B,ASW,15,12,1,5163.36125,15.64
11,salinity,2015-01-30,9,0,C,333C,ASW,15,12,1,6715.2125,15.64
12,salinity,2015-01-30,9,0,C,1263D,ASW,15,12,1,4389.6925,15.64
13,salinity,2015-01-30,9,0,C,331A,ASW,15,24,1,2744.94,16.87
14,salinity,2015-01-30,9,0,C,332B,ASW,15,24,1,5136.855,16.87
15,salinity,2015-01-30,9,0,C,333C,ASW,15,24,1,5993.23375,16.87
16,salinity,2015-01-30,9,0,C,1263D,ASW,15,24,1,5457.20375,16.87
17,salinity,2015-01-30,9,0,C,331A,ASW,15,36,1,1894.75875,18.97
18,salinity,2015-01-30,9,0,C,332B,ASW,15,36,1,2712.18375,18.97
19,salinity,2015-01-30,9,0,C,333C,ASW,15,36,1,1939.77375,18.97
20,salinity,2015-01-30,9,0,C,1263D,ASW,15,36,1,2915.8775,18.97
1,salinity,2015-01-31,10,24,C,331A,ASW,15,0,1,7224.47,16.14
2,salinity,2015-01-31,10,24,C,332B,ASW,15,0,1,4396.17,16.14
3,salinity,2015-01-31,10,24,C,333C,ASW,15,0,1,7092.39,16.14
4,salinity,2015-01-31,10,24,C,1263D,ASW,15,0,1,6644.05,16.14
5,salinity,2015-01-31,10,24,C,331A,ASW,15,2,1,6831.17,16.73
6,salinity,2015-01-31,10,24,C,332B,ASW,15,2,1,4902.98,16.73
7,salinity,2015-01-31,10,24,C,333C,ASW,15,2,1,8058.98,16.73
8,salinity,2015-01-31,10,24,C,1263D,ASW,15,2,1,8970.77,16.73
9,salinity,2015-01-31,10,24,C,331A,ASW,15,12,1,10034.56,16.64
10,salinity,2015-01-31,10,24,C,332B,ASW,15,12,1,7631.34,16.64
11,salinity,2015-01-31,10,24,C,333C,ASW,15,12,1,11261.63,16.64
12,salinity,2015-01-31,10,24,C,1263D,ASW,15,12,1,6511.85,16.64
13,salinity,2015-01-31,10,24,C,331A,ASW,15,24,1,4815.56,16.24
14,salinity,2015-01-31,10,24,C,332B,ASW,15,24,1,10793.91,16.24
15,salinity,2015-01-31,10,24,C,333C,ASW,15,24,1,11301.77,16.24
16,salinity,2015-01-31,10,24,C,1263D,ASW,15,24,1,8539.92,16.24
17,salinity,2015-01-31,10,24,C,331A,ASW,15,36,1,3629.59,20.33
18,salinity,2015-01-31,10,24,C,332B,ASW,15,36,1,3768.49,20.33
19,salinity,2015-01-31,10,24,C,333C,ASW,15,36,1,4141.48,20.33
20,salinity,2015-01-31,10,24,C,1263D,ASW,15,36,1,6015.07,20.33
1,salinity,2015-02-01,11,48,C,331A,ASW,15,0,1,11233.7,16.13
2,salinity,2015-02-01,11,48,C,332B,ASW,15,0,1,6149.54,16.13
3,salinity,2015-02-01,11,48,C,333C,ASW,15,0,1,10646.96,16.13
4,salinity,2015-02-01,11,48,C,1263D,ASW,15,0,1,11275.96,16.13
5,salinity,2015-02-01,11,48,C,331A,ASW,15,2,1,11181.59,16.72
6,salinity,2015-02-01,11,48,C,332B,ASW,15,2,1,7448.53,16.72
7,salinity,2015-02-01,11,48,C,333C,ASW,15,2,1,13730.11,16.72
8,salinity,2015-02-01,11,48,C,1263D,ASW,15,2,1,14680.16,16.72
9,salinity,2015-02-01,11,48,C,331A,ASW,15,12,1,16707.94,17.33
10,salinity,2015-02-01,11,48,C,332B,ASW,15,12,1,12069.65,17.33
11,salinity,2015-02-01,11,48,C,333C,ASW,15,12,1,19790.98,17.33
12,salinity,2015-02-01,11,48,C,1263D,ASW,15,12,1,9040.64,17.33
13,salinity,2015-02-01,11,48,C,331A,ASW,15,24,1,8104.98,17.73
14,salinity,2015-02-01,11,48,C,332B,ASW,15,24,1,11974.77,17.73
15,salinity,2015-02-01,11,48,C,333C,ASW,15,24,1,18288.62,17.73
16,salinity,2015-02-01,11,48,C,1263D,ASW,15,24,1,13779.18,17.73
17,salinity,2015-02-01,11,48,C,331A,ASW,15,36,1,5077.09,19.95
18,salinity,2015-02-01,11,48,C,332B,ASW,15,36,1,3629.22,19.95
19,salinity,2015-02-01,11,48,C,333C,ASW,15,36,1,6614.5,19.95
20,salinity,2015-02-01,11,48,C,1263D,ASW,15,36,1,9450.49,19.95
1,salinity,2015-02-02,12,72,C,331A,ASW,15,0,1,16680.61,16.11
2,salinity,2015-02-02,12,72,C,332B,ASW,15,0,1,9213.52,16.11
3,salinity,2015-02-02,12,72,C,333C,ASW,15,0,1,15738.66,16.11
4,salinity,2015-02-02,12,72,C,1263D,ASW,15,0,1,18125.18,16.11
5,salinity,2015-02-02,12,72,C,331A,ASW,15,2,1,18235.64,16.85
6,salinity,2015-02-02,12,72,C,332B,ASW,15,2,1,11615.84,16.85
7,salinity,2015-02-02,12,72,C,333C,ASW,15,2,1,22173.44,16.85
8,salinity,2015-02-02,12,72,C,1263D,ASW,15,2,1,23160.48,16.85
9,salinity,2015-02-02,12,72,C,331A,ASW,15,12,1,28620.66,16.64
10,salinity,2015-02-02,12,72,C,332B,ASW,15,12,1,23654.23,16.64
11,salinity,2015-02-02,12,72,C,333C,ASW,15,12,1,34619.37,16.64
12,salinity,2015-02-02,12,72,C,1263D,ASW,15,12,1,14442.72,16.64
13,salinity,2015-02-02,12,72,C,331A,ASW,15,24,1,15574,16.03
14,salinity,2015-02-02,12,72,C,332B,ASW,15,24,1,21417.7,16.03
15,salinity,2015-02-02,12,72,C,333C,ASW,15,24,1,26916.7,16.03
16,salinity,2015-02-02,12,72,C,1263D,ASW,15,24,1,25746.77,16.03
17,salinity,2015-02-02,12,72,C,331A,ASW,15,36,1,7270.31,20.61
18,salinity,2015-02-02,12,72,C,332B,ASW,15,36,1,5363.05,20.61
19,salinity,2015-02-02,12,72,C,333C,ASW,15,36,1,10026.8,20.61
20,salinity,2015-02-02,12,72,C,1263D,ASW,15,36,1,14716.85,20.61
1,salinity,2015-02-03,13,96,C,331A,ASW,15,0,1,21344.15,15.65
2,salinity,2015-02-03,13,96,C,332B,ASW,15,0,1,9878.97,15.65
3,salinity,2015-02-03,13,96,C,333C,ASW,15,0,1,21190.69,15.65
4,salinity,2015-02-03,13,96,C,1263D,ASW,15,0,1,21819.96,15.65
5,salinity,2015-02-03,13,96,C,331A,ASW,15,2,1,23628.79,17.34
6,salinity,2015-02-03,13,96,C,332B,ASW,15,2,1,13377.39,17.34
7,salinity,2015-02-03,13,96,C,333C,ASW,15,2,1,26843.37,17.34
8,salinity,2015-02-03,13,96,C,1263D,ASW,15,2,1,20789.98,17.34
9,salinity,2015-02-03,13,96,C,331A,ASW,15,12,1,36333.26,17.18
10,salinity,2015-02-03,13,96,C,332B,ASW,15,12,1,30883.54,17.18
11,salinity,2015-02-03,13,96,C,333C,ASW,15,12,1,42933.61,17.18
12,salinity,2015-02-03,13,96,C,1263D,ASW,15,12,1,20213.79,17.18
13,salinity,2015-02-03,13,96,C,331A,ASW,15,24,1,21701.1,16.18
14,salinity,2015-02-03,13,96,C,332B,ASW,15,24,1,30009.85,16.18
15,salinity,2015-02-03,13,96,C,333C,ASW,15,24,1,33262.34,16.18
16,salinity,2015-02-03,13,96,C,1263D,ASW,15,24,1,38600.16,16.18
17,salinity,2015-02-03,13,96,C,331A,ASW,15,36,1,9148.54,20.7
18,salinity,2015-02-03,13,96,C,332B,ASW,15,36,1,6813.77,20.7
19,salinity,2015-02-03,13,96,C,333C,ASW,15,36,1,12131.74,20.7
20,salinity,2015-02-03,13,96,C,1263D,ASW,15,36,1,20722.09,20.7
1,salinity,2015-02-03,13,0,D,331A,ASW,15,0,1,2752.02,16.1
2,salinity,2015-02-03,13,0,D,332B,ASW,15,0,1,1799.75,16.1
3,salinity,2015-02-03,13,0,D,333C,ASW,15,0,1,2855.82,16.1
4,salinity,2015-02-03,13,0,D,1263D,ASW,15,0,1,3680.87,16.1
5,salinity,2015-02-03,13,0,D,331A,ASW,15,2,1,3153.3,18.12
6,salinity,2015-02-03,13,0,D,332B,ASW,15,2,1,2768.45,18.12
7,salinity,2015-02-03,13,0,D,333C,ASW,15,2,1,3822.23,18.12
8,salinity,2015-02-03,13,0,D,1263D,ASW,15,2,1,4228.79,18.12
9,salinity,2015-02-03,13,0,D,331A,ASW,15,12,1,4661.12,16.67
10,salinity,2015-02-03,13,0,D,332B,ASW,15,12,1,4898.29,16.67
11,salinity,2015-02-03,13,0,D,333C,ASW,15,12,1,5660.34,16.67
12,salinity,2015-02-03,13,0,D,1263D,ASW,15,12,1,2902.31,16.67
13,salinity,2015-02-03,13,0,D,331A,ASW,15,24,1,3269.32,19.59
14,salinity,2015-02-03,13,0,D,332B,ASW,15,24,1,4578.71,19.59
15,salinity,2015-02-03,13,0,D,333C,ASW,15,24,1,5171.82,19.59
16,salinity,2015-02-03,13,0,D,1263D,ASW,15,24,1,4424.42,19.59
17,salinity,2015-02-03,13,0,D,331A,ASW,15,36,1,1480.12,20.37
18,salinity,2015-02-03,13,0,D,332B,ASW,15,36,1,1659.11,20.37
19,salinity,2015-02-03,13,0,D,333C,ASW,15,36,1,2751.76,20.37
20,salinity,2015-02-03,13,0,D,1263D,ASW,15,36,1,2903.52,20.37
21,salinity,2015-02-03,13,0,D,331A,ASW,15,0,2,2952.11,16.1
22,salinity,2015-02-03,13,0,D,332B,ASW,15,0,2,2092.08,16.1
23,salinity,2015-02-03,13,0,D,333C,ASW,15,0,2,3210.59,16.1
24,salinity,2015-02-03,13,0,D,1263D,ASW,15,0,2,3508.99,16.1
25,salinity,2015-02-03,13,0,D,331A,ASW,15,2,2,3421.48,18.12
26,salinity,2015-02-03,13,0,D,332B,ASW,15,2,2,2910.32,18.12
27,salinity,2015-02-03,13,0,D,333C,ASW,15,2,2,3776.79,18.12
28,salinity,2015-02-03,13,0,D,1263D,ASW,15,2,2,4338.25,18.12
29,salinity,2015-02-03,13,0,D,331A,ASW,15,12,2,5351.76,16.67
30,salinity,2015-02-03,13,0,D,332B,ASW,15,12,2,5989.04,16.67
31,salinity,2015-02-03,13,0,D,333C,ASW,15,12,2,6048.04,16.67
32,salinity,2015-02-03,13,0,D,1263D,ASW,15,12,2,2982.69,16.67
33,salinity,2015-02-03,13,0,D,331A,ASW,15,24,2,3972.98,19.59
34,salinity,2015-02-03,13,0,D,332B,ASW,15,24,2,4937.55,19.59
35,salinity,2015-02-03,13,0,D,333C,ASW,15,24,2,4630.07,19.59
36,salinity,2015-02-03,13,0,D,1263D,ASW,15,24,2,3906.83,19.59
37,salinity,2015-02-03,13,0,D,331A,ASW,15,36,2,1563.16,20.37
38,salinity,2015-02-03,13,0,D,332B,ASW,15,36,2,2130,20.37
39,salinity,2015-02-03,13,0,D,333C,ASW,15,36,2,1989.89,20.37
40,salinity,2015-02-03,13,0,D,1263D,ASW,15,36,2,2986.57,20.37
41,salinity,2015-02-03,13,0,D,331A,ASW,15,0,3,2922.11,16.1
42,salinity,2015-02-03,13,0,D,332B,ASW,15,0,3,2194.01,16.1
43,salinity,2015-02-03,13,0,D,333C,ASW,15,0,3,3262.94,16.1
44,salinity,2015-02-03,13,0,D,1263D,ASW,15,0,3,3364.46,16.1
45,salinity,2015-02-03,13,0,D,331A,ASW,15,2,3,3696.38,18.12
46,salinity,2015-02-03,13,0,D,332B,ASW,15,2,3,3017.44,18.12
47,salinity,2015-02-03,13,0,D,333C,ASW,15,2,3,4267.36,18.12
48,salinity,2015-02-03,13,0,D,1263D,ASW,15,2,3,4399.97,18.12
49,salinity,2015-02-03,13,0,D,331A,ASW,15,12,3,5209.22,16.67
50,salinity,2015-02-03,13,0,D,332B,ASW,15,12,3,5649.61,16.67
51,salinity,2015-02-03,13,0,D,333C,ASW,15,12,3,6195.87,16.67
52,salinity,2015-02-03,13,0,D,1263D,ASW,15,12,3,2942.74,16.67
53,salinity,2015-02-03,13,0,D,331A,ASW,15,24,3,3848.14,19.59
54,salinity,2015-02-03,13,0,D,332B,ASW,15,24,3,5391.14,19.59
55,salinity,2015-02-03,13,0,D,333C,ASW,15,24,3,4614.65,19.59
56,salinity,2015-02-03,13,0,D,1263D,ASW,15,24,3,4054.52,19.59
57,salinity,2015-02-03,13,0,D,331A,ASW,15,36,3,1682.7,20.37
58,salinity,2015-02-03,13,0,D,332B,ASW,15,36,3,2310.72,20.37
59,salinity,2015-02-03,13,0,D,333C,ASW,15,36,3,1954.52,20.37
60,salinity,2015-02-03,13,0,D,1263D,ASW,15,36,3,3188.74,20.37
1,salinity,2015-02-04,14,24,D,331A,ASW,15,0,1,4938.19,16.7
2,salinity,2015-02-04,14,24,D,332B,ASW,15,0,1,2700.87,16.7
3,salinity,2015-02-04,14,24,D,333C,ASW,15,0,1,5090.21,16.7
4,salinity,2015-02-04,14,24,D,1263D,ASW,15,0,1,5968.62,16.7
5,salinity,2015-02-04,14,24,D,331A,ASW,15,2,1,5762.32,17.63
6,salinity,2015-02-04,14,24,D,332B,ASW,15,2,1,4584.67,17.63
7,salinity,2015-02-04,14,24,D,333C,ASW,15,2,1,7293.82,17.63
8,salinity,2015-02-04,14,24,D,1263D,ASW,15,2,1,7588.69,17.63
9,salinity,2015-02-04,14,24,D,331A,ASW,15,12,1,8806.92,16.53
10,salinity,2015-02-04,14,24,D,332B,ASW,15,12,1,9499.04,16.53
11,salinity,2015-02-04,14,24,D,333C,ASW,15,12,1,10448.49,16.53
12,salinity,2015-02-04,14,24,D,1263D,ASW,15,12,1,5454.48,16.53
13,salinity,2015-02-04,14,24,D,331A,ASW,15,24,1,5575.54,19.62
14,salinity,2015-02-04,14,24,D,332B,ASW,15,24,1,10721.03,19.62
15,salinity,2015-02-04,14,24,D,333C,ASW,15,24,1,7931.46,19.62
16,salinity,2015-02-04,14,24,D,1263D,ASW,15,24,1,8828.35,19.62
17,salinity,2015-02-04,14,24,D,331A,ASW,15,36,1,2507.06,19.21
18,salinity,2015-02-04,14,24,D,332B,ASW,15,36,1,2812.27,19.21
19,salinity,2015-02-04,14,24,D,333C,ASW,15,36,1,3263.49,19.21
20,salinity,2015-02-04,14,24,D,1263D,ASW,15,36,1,6000.55,19.21
21,salinity,2015-02-04,14,24,D,331A,ASW,15,0,2,5041.38,16.7
22,salinity,2015-02-04,14,24,D,332B,ASW,15,0,2,2925.72,16.7
23,salinity,2015-02-04,14,24,D,333C,ASW,15,0,2,5036.96,16.7
24,salinity,2015-02-04,14,24,D,1263D,ASW,15,0,2,5549.06,16.7
25,salinity,2015-02-04,14,24,D,331A,ASW,15,2,2,6083.07,17.63
26,salinity,2015-02-04,14,24,D,332B,ASW,15,2,2,5305.17,17.63
27,salinity,2015-02-04,14,24,D,333C,ASW,15,2,2,7456.14,17.63
28,salinity,2015-02-04,14,24,D,1263D,ASW,15,2,2,7909.62,17.63
29,salinity,2015-02-04,14,24,D,331A,ASW,15,12,2,9171.21,16.53
30,salinity,2015-02-04,14,24,D,332B,ASW,15,12,2,9089.7,16.53
31,salinity,2015-02-04,14,24,D,333C,ASW,15,12,2,10274.63,16.53
32,salinity,2015-02-04,14,24,D,1263D,ASW,15,12,2,4932.29,16.53
33,salinity,2015-02-04,14,24,D,331A,ASW,15,24,2,5625.85,19.62
34,salinity,2015-02-04,14,24,D,332B,ASW,15,24,2,10557.27,19.62
35,salinity,2015-02-04,14,24,D,333C,ASW,15,24,2,8395.76,19.62
36,salinity,2015-02-04,14,24,D,1263D,ASW,15,24,2,8265.03,19.62
37,salinity,2015-02-04,14,24,D,331A,ASW,15,36,2,2422.98,19.21
38,salinity,2015-02-04,14,24,D,332B,ASW,15,36,2,2408.5,19.21
39,salinity,2015-02-04,14,24,D,333C,ASW,15,36,2,2970.23,19.21
40,salinity,2015-02-04,14,24,D,1263D,ASW,15,36,2,5353.27,19.21
41,salinity,2015-02-04,14,24,D,331A,ASW,15,0,3,4834.27,16.7
42,salinity,2015-02-04,14,24,D,332B,ASW,15,0,3,2792.13,16.7
43,salinity,2015-02-04,14,24,D,333C,ASW,15,0,3,5130.73,16.7
44,salinity,2015-02-04,14,24,D,1263D,ASW,15,0,3,5561.8,16.7
45,salinity,2015-02-04,14,24,D,331A,ASW,15,2,3,5648.28,17.63
46,salinity,2015-02-04,14,24,D,332B,ASW,15,2,3,4850.25,17.63
47,salinity,2015-02-04,14,24,D,333C,ASW,15,2,3,7107.72,17.63
48,salinity,2015-02-04,14,24,D,1263D,ASW,15,2,3,8017.92,17.63
49,salinity,2015-02-04,14,24,D,331A,ASW,15,12,3,9018.96,16.53
50,salinity,2015-02-04,14,24,D,332B,ASW,15,12,3,10158.42,16.53
51,salinity,2015-02-04,14,24,D,333C,ASW,15,12,3,10631.88,16.53
52,salinity,2015-02-04,14,24,D,1263D,ASW,15,12,3,5352.53,16.53
53,salinity,2015-02-04,14,24,D,331A,ASW,15,24,3,5653.38,19.62
54,salinity,2015-02-04,14,24,D,332B,ASW,15,24,3,10980.57,19.62
55,salinity,2015-02-04,14,24,D,333C,ASW,15,24,3,8381.05,19.62
56,salinity,2015-02-04,14,24,D,1263D,ASW,15,24,3,8018.96,19.62
57,salinity,2015-02-04,14,24,D,331A,ASW,15,36,3,2667.1,19.21
58,salinity,2015-02-04,14,24,D,332B,ASW,15,36,3,2978.35,19.21
59,salinity,2015-02-04,14,24,D,333C,ASW,15,36,3,3058.61,19.21
60,salinity,2015-02-04,14,24,D,1263D,ASW,15,36,3,4935.86,19.21
1,salinity,2015-02-05,15,48,D,331A,ASW,15,0,1,7758.55,16.4
2,salinity,2015-02-05,15,48,D,332B,ASW,15,0,1,2582.35,16.4
3,salinity,2015-02-05,15,48,D,333C,ASW,15,0,1,8421.09,16.4
4,salinity,2015-02-05,15,48,D,1263D,ASW,15,0,1,9913.59,16.4
5,salinity,2015-02-05,15,48,D,331A,ASW,15,2,1,10358.8,17.19
6,salinity,2015-02-05,15,48,D,332B,ASW,15,2,1,6504.13,17.19
7,salinity,2015-02-05,15,48,D,333C,ASW,15,2,1,13745.51,17.19
8,salinity,2015-02-05,15,48,D,1263D,ASW,15,2,1,12467.02,17.19
9,salinity,2015-02-05,15,48,D,331A,ASW,15,12,1,17270.17,17.42
10,salinity,2015-02-05,15,48,D,332B,ASW,15,12,1,14052.76,17.42
11,salinity,2015-02-05,15,48,D,333C,ASW,15,12,1,19788.58,17.42
12,salinity,2015-02-05,15,48,D,1263D,ASW,15,12,1,9843.51,17.42
13,salinity,2015-02-05,15,48,D,331A,ASW,15,24,1,9900.88,18.92
14,salinity,2015-02-05,15,48,D,332B,ASW,15,24,1,16431.02,18.92
15,salinity,2015-02-05,15,48,D,333C,ASW,15,24,1,15474.74,18.92
16,salinity,2015-02-05,15,48,D,1263D,ASW,15,24,1,14953.22,18.92
17,salinity,2015-02-05,15,48,D,331A,ASW,15,36,1,4134.86,19.74
18,salinity,2015-02-05,15,48,D,332B,ASW,15,36,1,3426.71,19.74
19,salinity,2015-02-05,15,48,D,333C,ASW,15,36,1,5311.34,19.74
20,salinity,2015-02-05,15,48,D,1263D,ASW,15,36,1,8366.86,19.74
21,salinity,2015-02-05,15,48,D,331A,ASW,15,0,2,7748.02,16.4
22,salinity,2015-02-05,15,48,D,332B,ASW,15,0,2,4136.19,16.4
23,salinity,2015-02-05,15,48,D,333C,ASW,15,0,2,7419.45,16.4
24,salinity,2015-02-05,15,48,D,1263D,ASW,15,0,2,9028.43,16.4
25,salinity,2015-02-05,15,48,D,331A,ASW,15,2,2,10672.08,17.19
26,salinity,2015-02-05,15,48,D,332B,ASW,15,2,2,7650.93,17.19
27,salinity,2015-02-05,15,48,D,333C,ASW,15,2,2,13249.93,17.19
28,salinity,2015-02-05,15,48,D,1263D,ASW,15,2,2,13046.85,17.19
29,salinity,2015-02-05,15,48,D,331A,ASW,15,12,2,18059.35,17.42
30,salinity,2015-02-05,15,48,D,332B,ASW,15,12,2,15173.32,17.42
31,salinity,2015-02-05,15,48,D,333C,ASW,15,12,2,20869.25,17.42
32,salinity,2015-02-05,15,48,D,1263D,ASW,15,12,2,8920.82,17.42
33,salinity,2015-02-05,15,48,D,331A,ASW,15,24,2,10271.3,18.92
34,salinity,2015-02-05,15,48,D,332B,ASW,15,24,2,16844.05,18.92
35,salinity,2015-02-05,15,48,D,333C,ASW,15,24,2,15147.61,18.92
36,salinity,2015-02-05,15,48,D,1263D,ASW,15,24,2,13561.2,18.92
37,salinity,2015-02-05,15,48,D,331A,ASW,15,36,2,3741.63,19.74
38,salinity,2015-02-05,15,48,D,332B,ASW,15,36,2,3232.1,19.74
39,salinity,2015-02-05,15,48,D,333C,ASW,15,36,2,4777,19.74
40,salinity,2015-02-05,15,48,D,1263D,ASW,15,36,2,5060.62,19.74
41,salinity,2015-02-05,15,48,D,331A,ASW,15,0,3,7652.98,16.4
42,salinity,2015-02-05,15,48,D,332B,ASW,15,0,3,3802.39,16.4
43,salinity,2015-02-05,15,48,D,333C,ASW,15,0,3,9494.92,16.4
44,salinity,2015-02-05,15,48,D,1263D,ASW,15,0,3,8462.53,16.4
45,salinity,2015-02-05,15,48,D,331A,ASW,15,2,3,11561.55,17.19
46,salinity,2015-02-05,15,48,D,332B,ASW,15,2,3,8385.24,17.19
47,salinity,2015-02-05,15,48,D,333C,ASW,15,2,3,13344.72,17.19
48,salinity,2015-02-05,15,48,D,1263D,ASW,15,2,3,13939.13,17.19
49,salinity,2015-02-05,15,48,D,331A,ASW,15,12,3,17917.27,17.42
50,salinity,2015-02-05,15,48,D,332B,ASW,15,12,3,17749.76,17.42
51,salinity,2015-02-05,15,48,D,333C,ASW,15,12,3,20012.43,17.42
52,salinity,2015-02-05,15,48,D,1263D,ASW,15,12,3,8850.59,17.42
53,salinity,2015-02-05,15,48,D,331A,ASW,15,24,3,10306.24,18.92
54,salinity,2015-02-05,15,48,D,332B,ASW,15,24,3,17749.15,18.92
55,salinity,2015-02-05,15,48,D,333C,ASW,15,24,3,15523.19,18.92
56,salinity,2015-02-05,15,48,D,1263D,ASW,15,24,3,14678.23,18.92
57,salinity,2015-02-05,15,48,D,331A,ASW,15,36,3,4032.77,19.74
58,salinity,2015-02-05,15,48,D,332B,ASW,15,36,3,3649.49,19.74
59,salinity,2015-02-05,15,48,D,333C,ASW,15,36,3,4909.94,19.74
60,salinity,2015-02-05,15,48,D,1263D,ASW,15,36,3,7568.32,19.74
1,salinity,2015-02-06,16,72,D,331A,ASW,15,0,1,13354.28,16.28
2,salinity,2015-02-06,16,72,D,332B,ASW,15,0,1,2576.85,16.28
3,salinity,2015-02-06,16,72,D,333C,ASW,15,0,1,15171.24,16.28
4,salinity,2015-02-06,16,72,D,1263D,ASW,15,0,1,13204.04,16.28
5,salinity,2015-02-06,16,72,D,331A,ASW,15,2,1,18873.26,17.38
6,salinity,2015-02-06,16,72,D,332B,ASW,15,2,1,10752.08,17.38
7,salinity,2015-02-06,16,72,D,333C,ASW,15,2,1,23182.84,17.38
8,salinity,2015-02-06,16,72,D,1263D,ASW,15,2,1,20715.91,17.38
9,salinity,2015-02-06,16,72,D,331A,ASW,15,12,1,31236,16.65
10,salinity,2015-02-06,16,72,D,332B,ASW,15,12,1,24820.73,16.65
11,salinity,2015-02-06,16,72,D,333C,ASW,15,12,1,34218.69,16.65
12,salinity,2015-02-06,16,72,D,1263D,ASW,15,12,1,17573.48,16.65
13,salinity,2015-02-06,16,72,D,331A,ASW,15,24,1,18093.78,19.06
14,salinity,2015-02-06,16,72,D,332B,ASW,15,24,1,23389.64,19.06
15,salinity,2015-02-06,16,72,D,333C,ASW,15,24,1,27520.46,19.06
16,salinity,2015-02-06,16,72,D,1263D,ASW,15,24,1,25289.78,19.06
17,salinity,2015-02-06,16,72,D,331A,ASW,15,36,1,7329.72,18.22
18,salinity,2015-02-06,16,72,D,332B,ASW,15,36,1,4878.06,18.22
19,salinity,2015-02-06,16,72,D,333C,ASW,15,36,1,8355.47,18.22
20,salinity,2015-02-06,16,72,D,1263D,ASW,15,36,1,11126.51,18.22
21,salinity,2015-02-06,16,72,D,331A,ASW,15,0,2,13613.12,16.28
22,salinity,2015-02-06,16,72,D,332B,ASW,15,0,2,5000.47,16.28
23,salinity,2015-02-06,16,72,D,333C,ASW,15,0,2,11918.31,16.28
24,salinity,2015-02-06,16,72,D,1263D,ASW,15,0,2,14326.67,16.28
25,salinity,2015-02-06,16,72,D,331A,ASW,15,2,2,19137.48,17.38
26,salinity,2015-02-06,16,72,D,332B,ASW,15,2,2,12697.21,17.38
27,salinity,2015-02-06,16,72,D,333C,ASW,15,2,2,25327.5,17.38
28,salinity,2015-02-06,16,72,D,1263D,ASW,15,2,2,22317.61,17.38
29,salinity,2015-02-06,16,72,D,331A,ASW,15,12,2,31435.67,16.65
30,salinity,2015-02-06,16,72,D,332B,ASW,15,12,2,30146.34,16.65
31,salinity,2015-02-06,16,72,D,333C,ASW,15,12,2,36116.18,16.65
32,salinity,2015-02-06,16,72,D,1263D,ASW,15,12,2,16955.32,16.65
33,salinity,2015-02-06,16,72,D,331A,ASW,15,24,2,19055.65,19.06
34,salinity,2015-02-06,16,72,D,332B,ASW,15,24,2,25919.86,19.06
35,salinity,2015-02-06,16,72,D,333C,ASW,15,24,2,27864.97,19.06
36,salinity,2015-02-06,16,72,D,1263D,ASW,15,24,2,18375.93,19.06
37,salinity,2015-02-06,16,72,D,331A,ASW,15,36,2,6194.35,18.22
38,salinity,2015-02-06,16,72,D,332B,ASW,15,36,2,5126.73,18.22
39,salinity,2015-02-06,16,72,D,333C,ASW,15,36,2,6364.93,18.22
40,salinity,2015-02-06,16,72,D,1263D,ASW,15,36,2,6242.31,18.22
41,salinity,2015-02-06,16,72,D,331A,ASW,15,0,3,12855.28,16.28
42,salinity,2015-02-06,16,72,D,332B,ASW,15,0,3,5382.87,16.28
43,salinity,2015-02-06,16,72,D,333C,ASW,15,0,3,16482.6,16.28
44,salinity,2015-02-06,16,72,D,1263D,ASW,15,0,3,12687.65,16.28
45,salinity,2015-02-06,16,72,D,331A,ASW,15,2,3,20434.25,17.38
46,salinity,2015-02-06,16,72,D,332B,ASW,15,2,3,13691.59,17.38
47,salinity,2015-02-06,16,72,D,333C,ASW,15,2,3,23858.88,17.38
48,salinity,2015-02-06,16,72,D,1263D,ASW,15,2,3,21438.68,17.38
49,salinity,2015-02-06,16,72,D,331A,ASW,15,12,3,36313.67,16.65
50,salinity,2015-02-06,16,72,D,332B,ASW,15,12,3,33944.91,16.65
51,salinity,2015-02-06,16,72,D,333C,ASW,15,12,3,35712.48,16.65
52,salinity,2015-02-06,16,72,D,1263D,ASW,15,12,3,16128.92,16.65
53,salinity,2015-02-06,16,72,D,331A,ASW,15,24,3,19680.34,19.06
54,salinity,2015-02-06,16,72,D,332B,ASW,15,24,3,36139.12,19.06
55,salinity,2015-02-06,16,72,D,333C,ASW,15,24,3,25619.78,19.06
56,salinity,2015-02-06,16,72,D,1263D,ASW,15,24,3,27218.38,19.06
57,salinity,2015-02-06,16,72,D,331A,ASW,15,36,3,6426.27,18.22
58,salinity,2015-02-06,16,72,D,332B,ASW,15,36,3,4983.48,18.22
59,salinity,2015-02-06,16,72,D,333C,ASW,15,36,3,8177.73,18.22
60,salinity,2015-02-06,16,72,D,1263D,ASW,15,36,3,12298.8,18.22
1,salinity,2015-02-07,17,96,D,331A,ASW,15,0,1,20657.8,16.64
2,salinity,2015-02-07,17,96,D,332B,ASW,15,0,1,3321.39,16.64
3,salinity,2015-02-07,17,96,D,333C,ASW,15,0,1,22529.97,16.64
4,salinity,2015-02-07,17,96,D,1263D,ASW,15,0,1,18209.72,16.64
5,salinity,2015-02-07,17,96,D,331A,ASW,15,2,1,28372.64,17.48
6,salinity,2015-02-07,17,96,D,332B,ASW,15,2,1,16569.92,17.48
7,salinity,2015-02-07,17,96,D,333C,ASW,15,2,1,33609.96,17.48
8,salinity,2015-02-07,17,96,D,1263D,ASW,15,2,1,29653.71,17.48
9,salinity,2015-02-07,17,96,D,331A,ASW,15,12,1,46133.9,17.81
10,salinity,2015-02-07,17,96,D,332B,ASW,15,12,1,36801.3,17.81
11,salinity,2015-02-07,17,96,D,333C,ASW,15,12,1,46417.98,17.81
12,salinity,2015-02-07,17,96,D,1263D,ASW,15,12,1,30420.15,17.81
13,salinity,2015-02-07,17,96,D,331A,ASW,15,24,1,26707.96,19.78
14,salinity,2015-02-07,17,96,D,332B,ASW,15,24,1,31604.15,19.78
15,salinity,2015-02-07,17,96,D,333C,ASW,15,24,1,36013.75,19.78
16,salinity,2015-02-07,17,96,D,1263D,ASW,15,24,1,38120.68,19.78
17,salinity,2015-02-07,17,96,D,331A,ASW,15,36,1,11307.09,19.18
18,salinity,2015-02-07,17,96,D,332B,ASW,15,36,1,6355.01,19.18
19,salinity,2015-02-07,17,96,D,333C,ASW,15,36,1,11673.84,19.18
20,salinity,2015-02-07,17,96,D,1263D,ASW,15,36,1,21571.68,19.18
21,salinity,2015-02-07,17,96,D,331A,ASW,15,0,2,19951.75,16.64
22,salinity,2015-02-07,17,96,D,332B,ASW,15,0,2,7382.39,16.64
23,salinity,2015-02-07,17,96,D,333C,ASW,15,0,2,17879.86,16.64
24,salinity,2015-02-07,17,96,D,1263D,ASW,15,0,2,19540.1,16.64
25,salinity,2015-02-07,17,96,D,331A,ASW,15,2,2,29114.97,17.48
26,salinity,2015-02-07,17,96,D,332B,ASW,15,2,2,20288.29,17.48
27,salinity,2015-02-07,17,96,D,333C,ASW,15,2,2,34841.02,17.48
28,salinity,2015-02-07,17,96,D,1263D,ASW,15,2,2,33527.8,17.48
29,salinity,2015-02-07,17,96,D,331A,ASW,15,12,2,46049.22,17.81
30,salinity,2015-02-07,17,96,D,332B,ASW,15,12,2,47033.96,17.81
31,salinity,2015-02-07,17,96,D,333C,ASW,15,12,2,50935.13,17.81
32,salinity,2015-02-07,17,96,D,1263D,ASW,15,12,2,31490.45,17.81
33,salinity,2015-02-07,17,96,D,331A,ASW,15,24,2,30456.68,19.78
34,salinity,2015-02-07,17,96,D,332B,ASW,15,24,2,42965.31,19.78
35,salinity,2015-02-07,17,96,D,333C,ASW,15,24,2,38477.16,19.78
36,salinity,2015-02-07,17,96,D,1263D,ASW,15,24,2,25045.41,19.78
37,salinity,2015-02-07,17,96,D,331A,ASW,15,36,2,10033.33,19.18
38,salinity,2015-02-07,17,96,D,332B,ASW,15,36,2,7285.75,19.18
39,salinity,2015-02-07,17,96,D,333C,ASW,15,36,2,10106.56,19.18
40,salinity,2015-02-07,17,96,D,1263D,ASW,15,36,2,11254.51,19.18
41,salinity,2015-02-07,17,96,D,331A,ASW,15,0,3,20325.35,16.64
42,salinity,2015-02-07,17,96,D,332B,ASW,15,0,3,7641.25,16.64
43,salinity,2015-02-07,17,96,D,333C,ASW,15,0,3,21874.03,16.64
44,salinity,2015-02-07,17,96,D,1263D,ASW,15,0,3,21561.93,16.64
45,salinity,2015-02-07,17,96,D,331A,ASW,15,2,3,30874.41,17.48
46,salinity,2015-02-07,17,96,D,332B,ASW,15,2,3,21445.73,17.48
47,salinity,2015-02-07,17,96,D,333C,ASW,15,2,3,34584.24,17.48
48,salinity,2015-02-07,17,96,D,1263D,ASW,15,2,3,32171.54,17.48
49,salinity,2015-02-07,17,96,D,331A,ASW,15,12,3,49838,17.81
50,salinity,2015-02-07,17,96,D,332B,ASW,15,12,3,53976.04,17.81
51,salinity,2015-02-07,17,96,D,333C,ASW,15,12,3,51308.06,17.81
52,salinity,2015-02-07,17,96,D,1263D,ASW,15,12,3,28247.61,17.81
53,salinity,2015-02-07,17,96,D,331A,ASW,15,24,3,31660.64,19.78
54,salinity,2015-02-07,17,96,D,332B,ASW,15,24,3,50019.41,19.78
55,salinity,2015-02-07,17,96,D,333C,ASW,15,24,3,34772.81,19.78
56,salinity,2015-02-07,17,96,D,1263D,ASW,15,24,3,42746.73,19.78
57,salinity,2015-02-07,17,96,D,331A,ASW,15,36,3,10411.02,19.18
58,salinity,2015-02-07,17,96,D,332B,ASW,15,36,3,6288.92,19.18
59,salinity,2015-02-07,17,96,D,333C,ASW,15,36,3,11347.95,19.18
60,salinity,2015-02-07,17,96,D,1263D,ASW,15,36,3,19831.18,19.18
1,salinity,2015-02-07,17,0,E,331A,ASW,15,0,1,1000,0
2,salinity,2015-02-07,17,0,E,332B,ASW,15,0,1,1000,0
3,salinity,2015-02-07,17,0,E,333C,ASW,15,0,1,1000,0
4,salinity,2015-02-07,17,0,E,1263D,ASW,15,0,1,1000,0
5,salinity,2015-02-07,17,0,E,331A,ASW,15,2,1,1000,0
6,salinity,2015-02-07,17,0,E,332B,ASW,15,2,1,1000,0
7,salinity,2015-02-07,17,0,E,333C,ASW,15,2,1,1000,0
8,salinity,2015-02-07,17,0,E,1263D,ASW,15,2,1,1000,0
9,salinity,2015-02-07,17,0,E,331A,ASW,15,12,1,1000,0
10,salinity,2015-02-07,17,0,E,332B,ASW,15,12,1,1000,0
11,salinity,2015-02-07,17,0,E,333C,ASW,15,12,1,1000,0
12,salinity,2015-02-07,17,0,E,1263D,ASW,15,12,1,1000,0
13,salinity,2015-02-07,17,0,E,331A,ASW,15,24,1,1000,0
14,salinity,2015-02-07,17,0,E,332B,ASW,15,24,1,1000,0
15,salinity,2015-02-07,17,0,E,333C,ASW,15,24,1,1000,0
16,salinity,2015-02-07,17,0,E,1263D,ASW,15,24,1,1000,0
17,salinity,2015-02-07,17,0,E,331A,ASW,15,36,1,1000,0
18,salinity,2015-02-07,17,0,E,332B,ASW,15,36,1,1000,0
19,salinity,2015-02-07,17,0,E,333C,ASW,15,36,1,1000,0
20,salinity,2015-02-07,17,0,E,1263D,ASW,15,36,1,1000,0
21,salinity,2015-02-07,17,0,E,331A,ASW,15,0,2,1000,0
22,salinity,2015-02-07,17,0,E,332B,ASW,15,0,2,1000,0
23,salinity,2015-02-07,17,0,E,333C,ASW,15,0,2,1000,0
24,salinity,2015-02-07,17,0,E,1263D,ASW,15,0,2,1000,0
25,salinity,2015-02-07,17,0,E,331A,ASW,15,2,2,1000,0
26,salinity,2015-02-07,17,0,E,332B,ASW,15,2,2,1000,0
27,salinity,2015-02-07,17,0,E,333C,ASW,15,2,2,1000,0
28,salinity,2015-02-07,17,0,E,1263D,ASW,15,2,2,1000,0
29,salinity,2015-02-07,17,0,E,331A,ASW,15,12,2,1000,0
30,salinity,2015-02-07,17,0,E,332B,ASW,15,12,2,1000,0
31,salinity,2015-02-07,17,0,E,333C,ASW,15,12,2,1000,0
32,salinity,2015-02-07,17,0,E,1263D,ASW,15,12,2,1000,0
33,salinity,2015-02-07,17,0,E,331A,ASW,15,24,2,1000,0
34,salinity,2015-02-07,17,0,E,332B,ASW,15,24,2,1000,0
35,salinity,2015-02-07,17,0,E,333C,ASW,15,24,2,1000,0
36,salinity,2015-02-07,17,0,E,1263D,ASW,15,24,2,1000,0
37,salinity,2015-02-07,17,0,E,331A,ASW,15,36,2,1000,0
38,salinity,2015-02-07,17,0,E,332B,ASW,15,36,2,1000,0
39,salinity,2015-02-07,17,0,E,333C,ASW,15,36,2,1000,0
40,salinity,2015-02-07,17,0,E,1263D,ASW,15,36,2,1000,0
41,salinity,2015-02-07,17,0,E,331A,ASW,15,0,3,1000,0
42,salinity,2015-02-07,17,0,E,332B,ASW,15,0,3,1000,0
43,salinity,2015-02-07,17,0,E,333C,ASW,15,0,3,1000,0
44,salinity,2015-02-07,17,0,E,1263D,ASW,15,0,3,1000,0
45,salinity,2015-02-07,17,0,E,331A,ASW,15,2,3,1000,0
46,salinity,2015-02-07,17,0,E,332B,ASW,15,2,3,1000,0
47,salinity,2015-02-07,17,0,E,333C,ASW,15,2,3,1000,0
48,salinity,2015-02-07,17,0,E,1263D,ASW,15,2,3,1000,0
49,salinity,2015-02-07,17,0,E,331A,ASW,15,12,3,1000,0
50,salinity,2015-02-07,17,0,E,332B,ASW,15,12,3,1000,0
51,salinity,2015-02-07,17,0,E,333C,ASW,15,12,3,1000,0
52,salinity,2015-02-07,17,0,E,1263D,ASW,15,12,3,1000,0
53,salinity,2015-02-07,17,0,E,331A,ASW,15,24,3,1000,0
54,salinity,2015-02-07,17,0,E,332B,ASW,15,24,3,1000,0
55,salinity,2015-02-07,17,0,E,333C,ASW,15,24,3,1000,0
56,salinity,2015-02-07,17,0,E,1263D,ASW,15,24,3,1000,0
57,salinity,2015-02-07,17,0,E,331A,ASW,15,36,3,1000,0
58,salinity,2015-02-07,17,0,E,332B,ASW,15,36,3,1000,0
59,salinity,2015-02-07,17,0,E,333C,ASW,15,36,3,1000,0
60,salinity,2015-02-07,17,0,E,1263D,ASW,15,36,3,1000,0
1,salinity,2015-02-08,18,24,E,331A,ASW,15,0,1,1489.27,16.61
2,salinity,2015-02-08,18,24,E,332B,ASW,15,0,1,1684.65,16.61
3,salinity,2015-02-08,18,24,E,333C,ASW,15,0,1,1543.39,16.61
4,salinity,2015-02-08,18,24,E,1263D,ASW,15,0,1,1762.31,16.61
5,salinity,2015-02-08,18,24,E,331A,ASW,15,2,1,1503.73,16.9
6,salinity,2015-02-08,18,24,E,332B,ASW,15,2,1,1821.99,16.9
7,salinity,2015-02-08,18,24,E,333C,ASW,15,2,1,1958.57,16.9
8,salinity,2015-02-08,18,24,E,1263D,ASW,15,2,1,1713.01,16.9
9,salinity,2015-02-08,18,24,E,331A,ASW,15,12,1,1945.74,16.4
10,salinity,2015-02-08,18,24,E,332B,ASW,15,12,1,1710.29,16.4
11,salinity,2015-02-08,18,24,E,333C,ASW,15,12,1,1991.34,16.4
12,salinity,2015-02-08,18,24,E,1263D,ASW,15,12,1,1753.76,16.4
13,salinity,2015-02-08,18,24,E,331A,ASW,15,24,1,1655.6,17.04
14,salinity,2015-02-08,18,24,E,332B,ASW,15,24,1,1971.23,17.04
15,salinity,2015-02-08,18,24,E,333C,ASW,15,24,1,1520.21,17.04
16,salinity,2015-02-08,18,24,E,1263D,ASW,15,24,1,1628.52,17.04
17,salinity,2015-02-08,18,24,E,331A,ASW,15,36,1,1507.33,19.94
18,salinity,2015-02-08,18,24,E,332B,ASW,15,36,1,2042.47,19.94
19,salinity,2015-02-08,18,24,E,333C,ASW,15,36,1,2053.24,19.94
20,salinity,2015-02-08,18,24,E,1263D,ASW,15,36,1,1701.05,19.94
21,salinity,2015-02-08,18,24,E,331A,ASW,15,0,2,1852.39,16.61
22,salinity,2015-02-08,18,24,E,332B,ASW,15,0,2,1712.75,16.61
23,salinity,2015-02-08,18,24,E,333C,ASW,15,0,2,1836.29,16.61
24,salinity,2015-02-08,18,24,E,1263D,ASW,15,0,2,1815.14,16.61
25,salinity,2015-02-08,18,24,E,331A,ASW,15,2,2,1858.56,16.9
26,salinity,2015-02-08,18,24,E,332B,ASW,15,2,2,1676.47,16.9
27,salinity,2015-02-08,18,24,E,333C,ASW,15,2,2,1634.85,16.9
28,salinity,2015-02-08,18,24,E,1263D,ASW,15,2,2,1930.05,16.9
29,salinity,2015-02-08,18,24,E,331A,ASW,15,12,2,1653.69,16.4
30,salinity,2015-02-08,18,24,E,332B,ASW,15,12,2,1715.67,16.4
31,salinity,2015-02-08,18,24,E,333C,ASW,15,12,2,1674.63,16.4
32,salinity,2015-02-08,18,24,E,1263D,ASW,15,12,2,1620.31,16.4
33,salinity,2015-02-08,18,24,E,331A,ASW,15,24,2,1489.04,17.04
34,salinity,2015-02-08,18,24,E,332B,ASW,15,24,2,1596.29,17.04
35,salinity,2015-02-08,18,24,E,333C,ASW,15,24,2,1412.74,17.04
36,salinity,2015-02-08,18,24,E,1263D,ASW,15,24,2,1523.85,17.04
37,salinity,2015-02-08,18,24,E,331A,ASW,15,36,2,1602.03,19.94
38,salinity,2015-02-08,18,24,E,332B,ASW,15,36,2,1787.15,19.94
39,salinity,2015-02-08,18,24,E,333C,ASW,15,36,2,1562.24,19.94
40,salinity,2015-02-08,18,24,E,1263D,ASW,15,36,2,1734.99,19.94
41,salinity,2015-02-08,18,24,E,331A,ASW,15,0,3,1668,16.61
42,salinity,2015-02-08,18,24,E,332B,ASW,15,0,3,1562.49,16.61
43,salinity,2015-02-08,18,24,E,333C,ASW,15,0,3,1854.43,16.61
44,salinity,2015-02-08,18,24,E,1263D,ASW,15,0,3,1770.41,16.61
45,salinity,2015-02-08,18,24,E,331A,ASW,15,2,3,1683.45,16.9
46,salinity,2015-02-08,18,24,E,332B,ASW,15,2,3,1661.32,16.9
47,salinity,2015-02-08,18,24,E,333C,ASW,15,2,3,1812.92,16.9
48,salinity,2015-02-08,18,24,E,1263D,ASW,15,2,3,1770.2,16.9
49,salinity,2015-02-08,18,24,E,331A,ASW,15,12,3,1639.69,16.4
50,salinity,2015-02-08,18,24,E,332B,ASW,15,12,3,1428.91,16.4
51,salinity,2015-02-08,18,24,E,333C,ASW,15,12,3,1538.81,16.4
52,salinity,2015-02-08,18,24,E,1263D,ASW,15,12,3,1681.08,16.4
53,salinity,2015-02-08,18,24,E,331A,ASW,15,24,3,1645.82,17.04
54,salinity,2015-02-08,18,24,E,332B,ASW,15,24,3,1354.51,17.04
55,salinity,2015-02-08,18,24,E,333C,ASW,15,24,3,1833.69,17.04
56,salinity,2015-02-08,18,24,E,1263D,ASW,15,24,3,1463.74,17.04
57,salinity,2015-02-08,18,24,E,331A,ASW,15,36,3,1651.47,19.94
58,salinity,2015-02-08,18,24,E,332B,ASW,15,36,3,2373.07,19.94
59,salinity,2015-02-08,18,24,E,333C,ASW,15,36,3,1518.11,19.94
60,salinity,2015-02-08,18,24,E,1263D,ASW,15,36,3,1809.8,19.94
